GEO_ID,NAME,VAL,TON,val_norm,ton_norm,vulnerability_score,rank,is_metro,INTPTLAT,INTPTLON,nearest_port,nearest_port_type,nearest_port_miles,nearest_seaport,nearest_seaport_miles,min_distance_to_neighbor_miles,num_commodities,max_comm_val,dominant_commodity,val_ton_ratio
E330000US0634800000,"Los Angeles-Long Beach, CA CFS Area; California",7963786,2600915,1.0,0.704773660294855,0.8819,1,1,34.0522,-118.2437,Port of Long Beach,seaport,20.64,Port of Long Beach,20.64,227.08,368,1227627,All Commodities,3.1005
E330000US4828800000,"Houston-The Woodlands, TX CFS Area; Texas",4234584,3688463,0.5309952109772115,1.0,0.7186,2,1,29.7604,-95.3698,Port of Houston,seaport,5.74,Port of Houston,5.74,79.19,296,614886,All Commodities,1.1545
E330000US1717600000,"Chicago-Naperville, IL-IN-WI CFS Area (part); Illinois",4290270,1826711,0.5379985861447467,0.494607844068737,0.5206,3,1,41.8781,-87.6298,Chicago Intermodal Hub,rail_intermodal,0.0,Port of Baltimore,607.02,0.0,326,603186,All Commodities,2.4271
E330000US4820600000,"Dallas-Fort Worth, TX-OK CFS Area (part); Texas",3757121,2004621,0.4709468591901031,0.5429033842167971,0.4997,4,1,32.7767,-96.797,Dallas Intermodal Hub,rail_intermodal,0.0,Port of Houston,228.81,127.2,313,556846,All Commodities,1.9022
E330000US4899999999,"Remainder of Texas, Texas",2166305,2499898,0.27087715997454,0.6773515334940199,0.4335,5,0,31.0545,-97.5635,Dallas Intermodal Hub,rail_intermodal,127.2,Port of Houston,163.97,0.0,310,290108,All Commodities,0.8799
E330000US1799999999,"Remainder of Illinois, Illinois",1649079,2143013,0.205827996371415,0.5804713477498774,0.3557,6,0,40.0417,-89.1965,St. Louis Intermodal Hub,rail_intermodal,111.47,Port of Baltimore,672.86,111.47,302,234968,All Commodities,0.772
E330000US4299999999,"Remainder of Pennsylvania, Pennsylvania",2254797,1619762,0.2820063966826091,0.4384293620379301,0.3446,7,0,40.5908,-77.2098,Port of Baltimore,seaport,97.63,Port of Baltimore,97.63,0.0,336,316920,All Commodities,1.404
E330000US0648800000,"San Jose-San Francisco-Oakland, CA CFS Area; California",2676802,1208140,0.3350800478260875,0.3266902421074891,0.3317,8,1,37.3382,-121.8863,Port of Oakland,seaport,38.29,Port of Oakland,38.29,133.32,324,404498,All Commodities,2.3665
E330000US1312200000,"Atlanta--Athens-Clarke County--Sandy Springs, GA-AL CFS Area (part); Georgia",2810434,932929,0.3518863372056098,0.2519813224307551,0.3119,9,1,33.749,-84.388,Atlanta Intermodal Hub,rail_intermodal,0.0,Port of Savannah,224.06,94.04,308,423851,All Commodities,3.0485
E330000US5599999999,"Remainder of Wisconsin, Wisconsin",1907979,1545598,0.2383886728587708,0.4182967644349807,0.3104,10,0,44.2563,-89.6385,Chicago Intermodal Hub,rail_intermodal,193.07,Port of Baltimore,755.18,120.72,342,266696,All Commodities,1.2598
E330000US3440800000,"New York-Newark, NY-NJ-CT-PA CFS Area (part); New Jersey",2941650,810172,0.3683887772440991,0.2186576440430569,0.3085,11,1,40.7128,-74.006,Port of New York/New Jersey,seaport,2.84,Port of New York/New Jersey,2.84,0.0,314,426311,All Commodities,3.7712
E330000US1899999999,"Remainder of Indiana, Indiana",1478665,1364914,0.184395801999394,0.3692481928194893,0.2583,12,0,39.8647,-86.2604,Chicago Intermodal Hub,rail_intermodal,156.43,Port of Baltimore,517.16,0.0,307,226583,All Commodities,1.093
E330000US2199999999,"Remainder of Kentucky, Kentucky",1304216,1365364,0.1624561440135203,0.3693703500510481,0.2452,13,0,37.5347,-85.3021,Atlanta Intermodal Hub,rail_intermodal,266.55,Port of Charleston,446.52,0.0,294,229869,All Commodities,0.9676
E330000US5350000000,"Seattle-Tacoma, WA CFS Area; Washington",2123684,772235,0.2655169104860596,0.2083592465016205,0.2427,14,1,47.6062,-122.3321,Port of Seattle,seaport,0.57,Port of Seattle,0.57,41.77,311,283519,All Commodities,2.7674
E330000US2622000000,"Detroit-Warren-Ann Arbor, MI CFS Area; Michigan",2208645,712883,0.2762020693699616,0.1922475220405578,0.2426,15,1,42.3314,-83.0458,Chicago Intermodal Hub,rail_intermodal,237.03,Port of Baltimore,399.06,90.18,296,304767,All Commodities,3.2258
E330000US3640800000,"New York-Newark, NY-NJ-CT-PA CFS Area (part); New York",2123462,693455,0.2654889905548885,0.1869735871633923,0.2341,16,1,40.7128,-74.006,Port of New York/New Jersey,seaport,2.84,Port of New York/New Jersey,2.84,0.0,286,338455,All Commodities,3.1226
E330000US2737800000,"Minneapolis-St. Paul, MN-WI CFS Area (part); Minnesota",1694483,950523,0.2115382511231798,0.2567573987241899,0.2296,17,1,44.9778,-93.265,Chicago Intermodal Hub,rail_intermodal,354.58,Port of Baltimore,939.6,119.58,325,263931,All Commodities,1.8196
E330000US2514800000,"Boston-Worcester-Providence, MA-RI-NH-CT CFS Area (part); Massachusetts",1998837,723016,0.2498154706350866,0.1949982314347475,0.2279,18,1,42.3601,-71.0589,Port of Boston,seaport,1.09,Port of Boston,1.09,0.0,313,331977,All Commodities,2.7747
E330000US4848400000,"San Antonio-New Braunfels-Pearsall, TX CFS Area; Texas",1051265,1292332,0.1306436462222761,0.3495450457505978,0.2182,19,1,29.4241,-98.4936,Port of Corpus Christi,seaport,129.44,Port of Corpus Christi,129.44,73.6,256,182379,All Commodities,0.8158
E330000US5699999999,"Remainder of Wyoming, Wyoming",174295,1865677,0.0203511145146038,0.5051855744796713,0.2143,20,0,43.076,-107.2903,Kansas City Intermodal Hub,rail_intermodal,715.78,Port of Portland,782.45,259.51,202,27590,All Commodities,0.0935
E330000US2240600000,"New Orleans-Metairie-Hammond, LA-MS CFS Area (part); Louisiana",841834,1341376,0.1043044610642096,0.3628585552274201,0.2077,21,1,29.9511,-90.0715,Port of New Orleans,seaport,0.59,Port of New Orleans,0.59,75.06,263,136697,All Commodities,0.6319
E330000US2799999999,"Remainder of Minnesota, Minnesota",854337,1289970,0.1058769065571467,0.3489038560151714,0.2031,22,0,46.3956,-94.6859,Chicago Intermodal Hub,rail_intermodal,468.54,Port of Baltimore,1038.1,119.58,285,150242,All Commodities,0.6686
E330000US2699999999,"Remainder of Michigan, Michigan",1100176,1033337,0.1367949604272705,0.279238129778214,0.1938,23,0,44.3467,-85.4102,Chicago Intermodal Hub,rail_intermodal,204.01,Port of Baltimore,574.15,0.0,281,164988,All Commodities,1.1105
E330000US5499999999,"Remainder of West Virginia, West Virginia",436544,1455814,0.0533329795131845,0.3939239535943679,0.1896,24,0,38.4912,-80.9545,Port of Baltimore,seaport,241.36,Port of Baltimore,241.36,144.07,254,71171,All Commodities,0.3014
E330000US1299999999,"Remainder of Florida, Florida",867980,1040592,0.107592724669611,0.2812075758114565,0.177,25,0,28.6305,-82.4497,Port of Tampa,seaport,48.26,Port of Tampa,48.26,46.98,291,122833,All Commodities,0.8842
E330000US3799999999,"Remainder of North Carolina, North Carolina",1250149,737128,0.1556563831188047,0.1988290822164316,0.1729,26,0,35.5557,-79.3877,Port of Charleston,seaport,194.27,Port of Charleston,194.27,0.0,283,204808,All Commodities,1.7512
E330000US0199999999,"Remainder of Alabama, Alabama",1200745,744686,0.1494430665441375,0.2008807807855904,0.17,27,0,32.799,-86.8073,Atlanta Intermodal Hub,rail_intermodal,154.4,Port of New Orleans,274.71,0.0,292,194576,All Commodities,1.6686
E330000US3919800000,"Columbus-Marion-Zanesville, OH CFS Area; Ohio",1429094,573233,0.1781614825936207,0.154338061180142,0.1686,28,1,39.9612,-82.9988,Chicago Intermodal Hub,rail_intermodal,275.63,Port of Baltimore,345.08,31.88,284,218083,All Commodities,2.5056
E330000US3918400000,"Cleveland-Akron-Canton, OH CFS Area; Ohio",1230480,661308,0.153182702370138,0.1782469460013459,0.1632,29,1,41.4993,-81.6944,Chicago Intermodal Hub,rail_intermodal,307.31,Port of Baltimore,310.38,90.18,310,209544,All Commodities,1.9277
E330000US5199999999,"Remainder of Virginia, Virginia",858882,893992,0.1064485105534195,0.2414114643747436,0.1604,30,0,37.7693,-78.17,Port of Norfolk/Virginia,seaport,116.56,Port of Norfolk/Virginia,116.56,0.0,302,136315,All Commodities,0.9764
E330000US1237000000,"Miami-Port St. Lucie-Fort Lauderdale, FL CFS Area; Florida",1238106,629854,0.1541417897355014,0.1697084269759,0.1604,31,1,25.7617,-80.1918,Port of Miami,seaport,1.6,Port of Miami,1.6,205.26,260,176538,All Commodities,2.0395
E330000US2099999999,"Remainder of Kansas, Kansas",751255,957526,0.0929127518500412,0.2586584367077594,0.1592,32,0,38.5266,-96.7265,Kansas City Intermodal Hub,rail_intermodal,122.23,Port of Beaumont,602.07,0.0,247,120277,All Commodities,0.7958
E330000US0599999999,"Remainder of Arkansas, Arkansas",998494,742597,0.1240068773581809,0.200313699770643,0.1545,33,0,34.8938,-92.4426,Memphis Intermodal Hub,rail_intermodal,136.58,Port of Beaumont,346.61,136.58,299,166275,All Commodities,1.3607
E330000US1399999999,"Remainder of Georgia, Georgia",877230,823329,0.1087560551350727,0.2222292500333217,0.1541,34,0,32.6415,-83.4426,Atlanta Intermodal Hub,rail_intermodal,94.04,Port of Savannah,143.22,0.0,281,132883,All Commodities,1.0928
E330000US2999999999,"Remainder of Missouri, Missouri",805837,871823,0.0997772819544555,0.2353934562271277,0.154,35,0,38.3566,-92.458,St. Louis Intermodal Hub,rail_intermodal,123.56,Port of Beaumont,579.6,123.56,286,127483,All Commodities,0.9646
E330000US2899999999,"Remainder of Mississippi, Mississippi",1021139,711886,0.1268548361030869,0.1919768759075264,0.1529,36,0,32.7364,-89.6678,Memphis Intermodal Hub,rail_intermodal,168.16,Port of New Orleans,193.53,166.24,294,153310,All Commodities,1.4708
E330000US2299912940,"Baton Rouge, LA CFS Area; Louisiana",619526,982595,0.0763457941327648,0.2654636803476431,0.152,37,1,30.4515,-91.1871,Port of New Orleans,seaport,75.34,Port of New Orleans,75.34,64.27,237,113417,All Commodities,0.632
E330000US3199999999,"Remainder of Nebraska, Nebraska",628362,928305,0.0774570576995561,0.2507260890113598,0.1468,38,0,41.5378,-99.7951,Kansas City Intermodal Hub,rail_intermodal,322.24,Port of Beaumont,852.49,191.69,264,99873,All Commodities,0.6934
E330000US1999999999,"Remainder of Iowa, Iowa",779687,823106,0.0964885152872313,0.2221687143385715,0.1468,39,0,42.0046,-93.214,Kansas City Intermodal Hub,rail_intermodal,213.1,Port of Beaumont,825.38,0.0,220,211233,All Commodities,0.9564
E330000US0699999999,"Remainder of California, California",957503,688475,0.1188516255625331,0.1856217138008082,0.1456,40,0,37.1841,-119.4696,Port of Oakland,seaport,159.8,Port of Oakland,159.8,0.0,289,148330,All Commodities,1.4091
E330000US1829400000,"Indianapolis-Carmel-Muncie, IN CFS Area; Indiana",1102121,584607,0.1370395742386568,0.1574256530729194,0.1452,41,1,39.7684,-86.1581,Chicago Intermodal Hub,rail_intermodal,164.82,Port of Baltimore,511.6,8.59,274,175471,All Commodities,1.8984
E330000US4243000000,"Pittsburgh-New Castle-Weirton, PA-OH-WV CFS Area (part); Pennsylvania",979372,655077,0.1216019903137961,0.1765554755350283,0.1436,42,1,40.4406,-79.9959,Port of Baltimore,seaport,198.7,Port of Baltimore,198.7,114.9,255,167194,All Commodities,1.5703
E330000US2947600000,"St. Louis-St. Charles-Farmington, MO-IL CFS Area (part); Missouri",802205,758729,0.0993205018192601,0.2046929007917688,0.1415,43,1,38.627,-90.1994,St. Louis Intermodal Hub,rail_intermodal,0.0,Port of New Orleans,599.18,0.0,293,126748,All Commodities,1.0666
E330000US4242800000,"Philadelphia-Reading-Camden, PA-NJ-DE-MD CFS Area (part); Pennsylvania",1106517,500150,0.1375924391820265,0.1344989123934483,0.1364,44,1,39.9526,-75.1652,Port of Philadelphia,seaport,2.37,Port of Philadelphia,2.37,0.0,287,164263,All Commodities,2.2298
E330000US0442900000,"Phoenix-Mesa, AZ CFS Area; Arizona",1291187,340474,0.1608175458908715,0.0911531832681511,0.133,45,1,33.4484,-112.074,Port of Long Beach,seaport,353.74,Port of Long Beach,353.74,63.63,303,214650,All Commodities,3.8194
E330000US4799999999,"Remainder of Tennessee, Tennessee",907962,600798,0.1126210791204316,0.1618208702644052,0.1323,46,0,35.7478,-86.6923,Atlanta Intermodal Hub,rail_intermodal,190.22,Port of Savannah,409.81,0.0,288,134455,All Commodities,1.5726
E330000US4144000000,"Portland-Vancouver-Salem, OR-WA CFS Area (part); Oregon",1121691,414099,0.1395008042072066,0.1111394636537445,0.1282,47,1,45.5231,-122.6765,Port of Portland,seaport,4.53,Port of Portland,4.53,0.0,287,221225,All Commodities,2.723
E330000US3899999999,"Remainder of North Dakota, North Dakota",350729,948239,0.0425404169300928,0.2561373829089003,0.128,48,0,47.5515,-101.002,Kansas City Intermodal Hub,rail_intermodal,666.72,Port of Seattle,991.38,236.89,271,61206,All Commodities,0.3828
E330000US4899912420,"Austin-Round Rock-Georgetown, TX CFS Area; Texas",670563,697895,0.0827644856966318,0.1881788718481059,0.1249,49,1,30.2672,-97.7431,Port of Houston,seaport,151.93,Port of Houston,151.93,55.44,226,105780,All Commodities,1.1018
E330000US4948200000,"Salt Lake City-Provo-Orem, UT CFS Area; Utah",946823,504209,0.1175084504953838,0.1356007706221087,0.1247,50,1,40.7608,-111.891,Port of Oakland,seaport,591.8,Port of Oakland,591.8,108.05,286,209881,All Commodities,1.978
E330000US0821600000,"Denver-Aurora, CO CFS Area; Colorado",1026516,435459,0.1275310769585234,0.1169378602450691,0.1233,51,1,39.7392,-104.9903,Kansas City Intermodal Hub,rail_intermodal,557.18,Port of Long Beach,839.37,59.11,283,169382,All Commodities,2.4233
E330000US4899913140,"Beaumont-Port Arthur, TX CFS Area; Texas",425896,813435,0.0519938289406184,0.2195434197021155,0.119,52,1,30.086,-94.1018,Port of Beaumont,seaport,1.28,Port of Beaumont,1.28,79.19,191,63114,All Commodities,0.7018
E330000US3699999999,"Remainder of New York, New York",892946,487948,0.1107325850372561,0.1311865511946027,0.1189,53,0,42.9538,-75.5268,Port of New York/New Jersey,seaport,174.4,Port of New York/New Jersey,174.4,155.73,263,129897,All Commodities,1.8742
E330000US1242200000,"Orlando-Lakeland-Deltona, FL CFS Area; Florida",914684,452054,0.113466474513819,0.1214427474844432,0.1167,54,1,28.5383,-81.3792,Port of Tampa,seaport,81.14,Port of Tampa,81.14,65.26,270,184905,All Commodities,2.148
E330000US3442800000,"Philadelphia-Reading-Camden, PA-NJ-DE-MD CFS Area (part); New Jersey",796192,480712,0.0985642741339822,0.1292222629111371,0.1108,55,1,39.9526,-75.1652,Port of Philadelphia,seaport,2.37,Port of Philadelphia,2.37,0.0,259,167898,All Commodities,1.7505
E330000US4740000000,"Nashville-Davidson--Murfreesboro, TN CFS Area; Tennessee",726454,504211,0.0897936427825908,0.1356013135431379,0.1081,56,1,36.1627,-86.7816,Memphis Intermodal Hub,rail_intermodal,196.33,Port of Savannah,431.41,29.1,240,133085,All Commodities,1.4568
E330000US4099999999,"Remainder of Oklahoma, Oklahoma",398232,719744,0.0485146533734256,0.1941100126310577,0.1068,57,0,35.5376,-96.9247,Dallas Intermodal Hub,rail_intermodal,190.9,Port of Beaumont,410.56,0.0,261,63685,All Commodities,0.5588
E330000US5537600000,"Milwaukee-Racine-Waukesha, WI CFS Area; Wisconsin",818487,401108,0.1013682149693843,0.1076129201088991,0.1039,58,1,43.0389,-87.9065,Chicago Intermodal Hub,rail_intermodal,81.44,Port of Baltimore,643.83,81.44,283,128832,All Commodities,2.24
E330000US4599999999,"Remainder of South Carolina, South Carolina",696579,463513,0.0860363997927888,0.1245534135209596,0.1014,59,0,33.8569,-80.945,Port of Charleston,seaport,94.19,Port of Charleston,94.19,0.0,269,108587,All Commodities,1.5385
E330000US5399999999,"Remainder of Washington, Washington",536283,502959,0.0658767003017993,0.1352614449788898,0.0936,60,0,47.4009,-121.4905,Port of Seattle,seaport,41.86,Port of Seattle,41.86,41.77,277,75923,All Commodities,1.0761
E330000US1817600000,"Chicago-Naperville, IL-IN-WI CFS Area (part); Indiana",354346,609632,0.0429953105834523,0.1642189524501618,0.0915,61,1,41.8781,-87.6298,Chicago Intermodal Hub,rail_intermodal,0.0,Port of Baltimore,607.02,0.0,235,48909,All Commodities,0.6823
E330000US3726800000,"Greensboro--Winston-Salem--High Point, NC CFS Area; North Carolina",866810,245436,0.107445579086412,0.0653541188839606,0.0906,62,1,44.9429,-123.0351,Port of Portland,seaport,43.97,Port of Portland,43.97,43.72,254,125862,All Commodities,3.5726
E330000US0647200000,"Sacramento-Roseville, CA CFS Area; California",747056,326943,0.0923846627014495,0.0874800510454351,0.0904,63,1,37.1841,-119.4696,Port of Oakland,seaport,159.8,Port of Oakland,159.8,0.0,272,108942,All Commodities,2.4242
E330000US4820400000,"Corpus Christi-Kingsville-Alice, TX CFS Area; Texas",363627,586281,0.0441625397780415,0.1578800779743182,0.0896,64,1,27.8006,-97.3964,Port of Corpus Christi,seaport,0.99,Port of Corpus Christi,0.99,130.43,181,76679,All Commodities,0.6674
E330000US3745000000,"Raleigh-Durham-Cary, NC CFS Area; North Carolina",596094,406947,0.0733988579742027,0.1091979780535032,0.0877,65,1,35.5557,-79.3877,Port of Charleston,seaport,194.27,Port of Charleston,194.27,0.0,235,90050,All Commodities,1.4865
E330000US2454812580,"Baltimore-Columbia-Towson, MD CFS Area; Maryland",760818,291583,0.0941154469031451,0.0778812072500588,0.0876,66,1,34.0007,-81.0348,Port of Charleston,seaport,105.2,Port of Charleston,105.2,0.0,279,114945,All Commodities,2.6365
E330000US0114200000,"Birmingham-Hoover-Talladega, AL CFS Area; Alabama",517674,439882,0.0635363309362018,0.1181385301010349,0.0854,67,1,33.5186,-86.8104,Atlanta Intermodal Hub,rail_intermodal,140.26,Port of New Orleans,311.62,49.72,242,81316,All Commodities,1.1812
E330000US0699941740,"San Diego-Chula Vista-Carlsbad, CA CFS Area; California",786822,247921,0.0973858518138334,0.0660286982626798,0.0848,68,1,37.1841,-119.4696,Port of Oakland,seaport,159.8,Port of Oakland,159.8,0.0,234,147623,All Commodities,3.1925
E330000US3717200000,"Charlotte-Concord, NC-SC CFS Area (part); North Carolina",729927,286585,0.0902304262103258,0.0765244475982123,0.0847,69,1,35.2271,-80.8431,Port of Charleston,seaport,176.67,Port of Charleston,176.67,85.06,265,109987,All Commodities,2.5989
E330000US4736800000,"Memphis-Forrest City, TN-MS-AR CFS Area (part); Tennessee",862504,193737,0.1069040330340576,0.0513198817409414,0.0847,70,1,35.1495,-90.049,Memphis Intermodal Hub,rail_intermodal,0.0,Port of New Orleans,358.85,136.58,251,134247,All Commodities,4.6116
E330000US1299945300,"Tampa-St. Petersburg-Clearwater, FL CFS Area; Florida",659780,324119,0.0814083567875427,0.086713446552275,0.0835,71,1,27.9506,-82.4572,Port of Tampa,seaport,4.15,Port of Tampa,4.15,46.98,288,109047,All Commodities,2.0702
E330000US1825800000,"Fort Wayne-Huntington-Auburn, IN CFS Area; Indiana",595891,364797,0.0733733275866904,0.0977559173641618,0.0831,72,1,39.8647,-86.2604,Chicago Intermodal Hub,rail_intermodal,156.43,Port of Baltimore,517.16,0.0,258,102582,All Commodities,1.6855
E330000US3917800000,"Cincinnati-Wilmington-Maysville, OH-KY-IN CFS Area (part); Ohio",626665,337279,0.0772436337211898,0.0902858669240836,0.0825,73,1,40.4173,-82.9071,Chicago Intermodal Hub,rail_intermodal,265.59,Port of Baltimore,345.03,0.0,272,93099,All Commodities,1.9181
E330000US4699999999,"Remainder of South Dakota, South Dakota",322912,534480,0.0390419992481741,0.1438181518588123,0.081,74,0,44.2998,-99.4388,Kansas City Intermodal Hub,rail_intermodal,437.95,Port of Beaumont,1024.47,191.69,248,53220,All Commodities,0.6139
E330000US2626600000,"Grand Rapids-Kentwood-Muskegon, MI CFS Area; Michigan",731507,240157,0.0904291356303723,0.0639210788275186,0.0798,75,1,44.3467,-85.4102,Chicago Intermodal Hub,rail_intermodal,204.01,Port of Baltimore,574.15,0.0,271,108668,All Commodities,3.1388
E330000US1699999999,"Remainder of Idaho, Idaho",461596,417823,0.056483655710022,0.1121503826100222,0.0788,76,0,44.3509,-114.613,Port of Portland,seaport,406.81,Port of Portland,406.81,269.61,281,83174,All Commodities,1.1216
E330000US2232400000,"Lake Charles-Jennings, LA CFS Area; Louisiana",322904,510399,0.0390409931245283,0.1372811112073287,0.0783,77,1,31.0689,-91.9968,Port of New Orleans,seaport,138.42,Port of New Orleans,138.42,0.0,180,52894,All Commodities,0.641
E330000US2299999999,"Remainder of Louisiana, Louisiana",405464,439320,0.0494241891492331,0.1179859692918436,0.0768,78,0,31.0689,-91.9968,Port of New Orleans,seaport,138.42,Port of New Orleans,138.42,0.0,252,77204,All Commodities,0.9416
E330000US4527300000,"Greenville-Spartanburg-Anderson, SC CFS Area; South Carolina",741623,192786,0.0917013789804924,0.0510617227915804,0.0754,79,1,33.8569,-80.945,Port of Charleston,seaport,94.19,Port of Charleston,94.19,0.0,250,118998,All Commodities,3.9301
E330000US3610400000,"Albany-Schenectady, NY CFS Area; New York",420541,401414,0.0513203549252079,0.107695987026359,0.0739,80,1,40.7128,-74.006,Port of New York/New Jersey,seaport,2.84,Port of New York/New Jersey,2.84,0.0,244,77926,All Commodities,1.0572
E330000US3999999999,"Remainder of Ohio, Ohio",423439,378084,0.0516848232159006,0.1013628132213214,0.0716,81,0,40.4173,-82.9071,Chicago Intermodal Hub,rail_intermodal,265.59,Port of Baltimore,345.03,0.0,208,111908,All Commodities,1.1369
E330000US1230000000,"Jacksonville-St. Marys-Palatka, FL-GA CFS Area (part); Florida",560967,259288,0.0689810948109298,0.0691143899318552,0.069,82,1,30.3322,-81.6557,Port of Jacksonville,seaport,6.83,Port of Jacksonville,6.83,125.06,246,92548,All Commodities,2.183
E330000US0940800000,"New York-Newark, NY-NJ-CT-PA CFS Area (part); Connecticut",538785,274723,0.0661913654720248,0.0733043829743222,0.069,83,1,40.7128,-74.006,Port of New York/New Jersey,seaport,2.84,Port of New York/New Jersey,2.84,0.0,243,104070,All Commodities,2.172
E330000US0899999999,"Remainder of Colorado, Colorado",365608,390101,0.0444116811458339,0.1046249542249707,0.0685,84,0,39.0002,-105.5478,Kansas City Intermodal Hub,rail_intermodal,588.27,Port of Long Beach,791.17,59.11,253,61198,All Commodities,0.9644
E330000US2135000000,"Louisville/Jefferson County-Elizabethtown-Bardstown, KY-IN CFS Area (part); Kentucky",478383,310836,0.0585948804152876,0.0831076365371736,0.0684,85,1,37.5347,-85.3021,Atlanta Intermodal Hub,rail_intermodal,266.55,Port of Charleston,446.52,0.0,283,87209,All Commodities,1.5975
E330000US3099999999,"Remainder of Montana, Montana",243125,468193,0.0290075508321963,0.1258238487291711,0.0677,86,0,46.8797,-110.3626,Port of Seattle,seaport,563.4,Port of Seattle,563.4,269.61,276,43325,All Commodities,0.5255
E330000US4053800000,"Tulsa-Muskogee-Bartlesville, OK CFS Area; Oklahoma",371567,361087,0.0451611174965027,0.0967487988550881,0.0658,87,1,35.5376,-96.9247,Dallas Intermodal Hub,rail_intermodal,190.9,Port of Beaumont,410.56,0.0,252,55637,All Commodities,1.0732
E330000US4199999999,"Remainder of Oregon, Oregon",297360,398341,0.0358284403234737,0.1068617888650697,0.0642,88,0,44.572,-122.0709,Port of Portland,seaport,75.5,Port of Portland,75.5,53.8,266,49615,All Commodities,0.75
E330000US3616000000,"Buffalo-Cheektowaga-Olean, NY CFS Area; New York",413090,309808,0.0503832765145965,0.0828285751281904,0.0634,89,1,40.7128,-74.006,Port of New York/New Jersey,seaport,2.84,Port of New York/New Jersey,2.84,0.0,256,71150,All Commodities,1.3573
E330000US2931200000,"Kansas City-Overland Park-Kansas City, MO-KS CFS Area (part); Missouri",453419,273988,0.0554552715785539,0.0731048594961095,0.0625,90,1,39.0997,-94.5786,Kansas City Intermodal Hub,rail_intermodal,0.0,Port of Beaumont,623.66,0.0,262,111438,All Commodities,1.6829
E330000US1747600000,"St. Louis-St. Charles-Farmington, MO-IL CFS Area (part); Illinois",249455,411426,0.0298036461669393,0.1104138496982852,0.062,91,1,38.627,-90.1994,St. Louis Intermodal Hub,rail_intermodal,0.0,Port of New Orleans,599.18,0.0,254,46764,All Commodities,0.6169
E330000US2031200000,"Kansas City-Overland Park-Kansas City, MO-KS CFS Area (part); Kansas",464440,232913,0.0568413326661056,0.0619546188599364,0.0589,92,1,39.0997,-94.5786,Kansas City Intermodal Hub,rail_intermodal,0.0,Port of Beaumont,623.66,0.0,272,73513,All Commodities,2.0302
E330000US0927825540,"Hartford-East Hartford-Middletown, CT CFS Area; Connecticut",563855,160340,0.0693443054470653,0.042253914935676,0.0585,93,1,41.7658,-72.6734,Port of Boston,seaport,93.04,Port of Boston,93.04,24.15,250,96646,All Commodities,3.5362
E330000US3646400000,"Rochester-Batavia-Seneca Falls, NY CFS Area; New York",356513,264662,0.0432678443260097,0.0705732187371819,0.0542,94,1,40.7128,-74.006,Port of New York/New Jersey,seaport,2.84,Port of New York/New Jersey,2.84,0.0,245,53496,All Commodities,1.3573
E330000US2399999999,"Remainder of Maine, Maine",327467,283563,0.0396148608990041,0.0757040939231663,0.0541,95,0,45.2538,-69.4455,Port of Boston,seaport,215.69,Port of Boston,215.69,151.34,274,52441,All Commodities,1.169
E330000US4731500000,"Knoxville-Morristown-Sevierville, TN CFS Area; Tennessee",346041,237394,0.0419508284736513,0.0631710334257475,0.0504,96,1,35.7478,-86.6923,Atlanta Intermodal Hub,rail_intermodal,190.22,Port of Savannah,409.81,0.0,249,59513,All Commodities,1.5994
E330000US3953400000,"Toledo-Findlay-Tiffin, OH CFS Area; Ohio",278516,267060,0.0334585160757807,0.0712241810511331,0.0486,97,1,40.4173,-82.9071,Chicago Intermodal Hub,rail_intermodal,265.59,Port of Baltimore,345.03,0.0,183,97424,All Commodities,1.2057
E330000US3142000000,"Omaha-Council Bluffs-Fremont, NE-IA CFS Area (part); Nebraska",265722,267379,0.0318494728352275,0.0713107769552825,0.0476,98,1,41.2565,-95.9345,Kansas City Intermodal Hub,rail_intermodal,165.32,Port of Beaumont,778.76,149.7,253,44849,All Commodities,1.0009
E330000US5199940060,"Richmond, VA CFS Area; Virginia",348802,206518,0.0422980668969096,0.054789418577726,0.0473,99,1,37.5407,-77.436,Port of Norfolk/Virginia,seaport,74.0,Port of Norfolk/Virginia,74.0,43.15,235,65489,All Commodities,1.7336
E330000US3921200000,"Dayton-Springfield-Kettering, OH CFS Area; Ohio",385784,165447,0.0469491249805535,0.0436402637836112,0.0456,100,1,40.4173,-82.9071,Chicago Intermodal Hub,rail_intermodal,265.59,Port of Baltimore,345.03,0.0,244,54495,All Commodities,2.4021
E330000US4999999999,"Remainder of Utah, Utah",202925,291124,0.0239517795120275,0.0777566068738688,0.0455,101,0,39.321,-111.0937,Port of Long Beach,seaport,551.01,Port of Long Beach,551.01,108.05,219,62818,All Commodities,0.6975
E330000US5154847900,"Washington-Arlington-Alexandria, DC-VA-MD-WV CFS Area (part); Virginia",260880,249349,0.0312405164986041,0.0664163438774931,0.0453,102,1,37.7693,-78.17,Port of Norfolk/Virginia,seaport,116.56,Port of Norfolk/Virginia,116.56,0.0,227,56511,All Commodities,1.0828
E330000US4041600000,"Oklahoma City-Shawnee, OK CFS Area; Oklahoma",349816,137630,0.0424255930690154,0.036089046649675,0.0399,103,1,35.5376,-96.9247,Dallas Intermodal Hub,rail_intermodal,190.9,Port of Beaumont,410.56,0.0,260,53713,All Commodities,2.5913
E330000US2055600000,"Wichita-Winfield, KS CFS Area; Kansas",227296,213656,0.0270168094335159,0.0567271037307632,0.0389,104,1,38.5266,-96.7265,Kansas City Intermodal Hub,rail_intermodal,122.23,Port of Beaumont,602.07,0.0,226,42976,All Commodities,1.0675
E330000US3599999999,"Remainder of New Mexico, New Mexico",228119,204075,0.027120314403578,0.054126240540619,0.0379,105,0,34.4071,-106.1126,Dallas Intermodal Hub,rail_intermodal,547.65,Port of Corpus Christi,687.2,184.03,257,39216,All Commodities,1.1426
E330000US2499999999,"Remainder of Maryland, Maryland",220085,206628,0.0261099147322786,0.0548192792343293,0.0376,106,0,39.0724,-76.7902,Port of Baltimore,seaport,17.43,Port of Baltimore,17.43,0.0,227,40398,All Commodities,1.0875
E330000US3314800000,"Boston-Worcester-Providence, MA-RI-NH-CT CFS Area (part); New Hampshire",313807,140170,0.0378969047737925,0.0367785563566958,0.0374,107,1,42.3601,-71.0589,Port of Boston,seaport,1.09,Port of Boston,1.09,0.0,215,51076,All Commodities,2.32
E330000US2117800000,"Cincinnati-Wilmington-Maysville, OH-KY-IN CFS Area (part); Kentucky",190029,215501,0.0223299081949902,0.0572279483801543,0.0363,108,1,37.5347,-85.3021,Atlanta Intermodal Hub,rail_intermodal,266.55,Port of Charleston,446.52,0.0,205,64073,All Commodities,0.9939
E330000US2454847900,"Washington-Arlington-Alexandria, DC-VA-MD-WV CFS Area (part); Maryland",227976,178606,0.0271023299434093,0.0472124126949052,0.0351,109,1,39.0724,-76.7902,Port of Baltimore,seaport,17.43,Port of Baltimore,17.43,0.0,220,43273,All Commodities,1.2994
E330000US0626000000,"Fresno-Madera-Hanford, CA CFS Area; California",289171,131553,0.0347985470065369,0.034439381102602,0.0347,110,1,37.1841,-119.4696,Port of Oakland,seaport,159.8,Port of Oakland,159.8,0.0,243,55400,All Commodities,2.4043
E330000US5154500000,"Virginia Beach-Norfolk, VA-NC CFS Area (part); Virginia",276034,138577,0.0331463662146698,0.0363461197569776,0.0344,111,1,36.8529,-75.978,Port of Norfolk/Virginia,seaport,19.87,Port of Norfolk/Virginia,19.87,93.26,224,43372,All Commodities,2.0244
E330000US1042800000,"Philadelphia-Reading-Camden, PA-NJ-DE-MD CFS Area (part); Delaware",281776,127036,0.0338685114614461,0.0332131939582662,0.0336,112,1,39.9526,-75.1652,Port of Philadelphia,seaport,2.37,Port of Philadelphia,2.37,0.0,173,56661,All Commodities,2.4087
E330000US4414800000,"Boston-Worcester-Providence, MA-RI-NH-CT CFS Area (part); Rhode Island",271164,110063,0.0325338884452861,0.0286056946443826,0.031,113,1,42.3601,-71.0589,Port of Boston,seaport,1.09,Port of Boston,1.09,0.0,239,46091,All Commodities,2.5786
E330000US3233200000,"Las Vegas-Henderson, NV CFS Area; Nevada",236260,124320,0.0281441709786401,0.0324759072006801,0.0299,114,1,39.321,-116.6312,Port of Oakland,seaport,322.87,Port of Oakland,322.87,0.0,256,50112,All Commodities,1.9609
E330000US4599916700,"Charleston-North Charleston, SC CFS Area; South Carolina",208621,139391,0.0246681395478404,0.0365670886158418,0.0294,115,1,32.7765,-79.9311,Port of Charleston,seaport,0.73,Port of Charleston,0.73,94.86,210,40945,All Commodities,1.6082
E330000US4299910900,"Allentown-Bethlehem-Easton, PA-NJ CFS Area (part); Pennsylvania",272201,87442,0.0326643072228736,0.0224649863441788,0.0286,116,1,40.5908,-77.2098,Port of Baltimore,seaport,97.63,Port of Baltimore,97.63,0.0,141,74649,All Commodities,3.1992
E330000US3299999999,"Remainder of Nevada, Nevada",257954,83912,0.0308725267751511,0.0215067307277286,0.0271,117,0,39.321,-116.6312,Port of Oakland,seaport,322.87,Port of Oakland,322.87,0.0,218,47556,All Commodities,3.1527
E330000US2599999999,"Remainder of Massachusetts, Massachusetts",218252,109764,0.0258793866519336,0.0285245279505246,0.0269,118,0,42.2596,-71.8079,Port of Boston,seaport,39.72,Port of Boston,39.72,38.9,227,39900,All Commodities,2.0254
E330000US0138000000,"Mobile-Daphne-Fairhope, AL CFS Area; Alabama",185225,128657,0.0217257309456845,0.0336532314523924,0.0265,119,1,32.799,-86.8073,Atlanta Intermodal Hub,rail_intermodal,154.4,Port of New Orleans,274.71,0.0,218,31233,All Commodities,1.4574
E330000US1349600000,"Savannah-Hinesville-Statesboro, GA CFS Area; Georgia",165870,139256,0.0192915405501157,0.0365304414463742,0.0262,120,1,32.6415,-83.4426,Atlanta Intermodal Hub,rail_intermodal,94.04,Port of Savannah,143.22,0.0,217,29755,All Commodities,1.4241
E330000US0453600000,"Tucson-Nogales, AZ CFS Area; Arizona",138504,154822,0.0158498430887291,0.0407559958162505,0.0258,121,1,32.2226,-110.9747,Port of Long Beach,seaport,432.4,Port of Long Beach,432.4,106.05,204,21153,All Commodities,0.9002
E330000US4823800000,"El Paso-Las Cruces, TX-NM CFS Area (part); Texas",199837,109256,0.0235634157847468,0.0283866260091205,0.0255,122,1,31.7619,-106.485,Dallas Intermodal Hub,rail_intermodal,570.12,Port of Corpus Christi,608.79,184.03,199,42477,All Commodities,1.927
E330000US5099999999,"Remainder of Vermont, Vermont",162074,125139,0.0188141348801813,0.0326982333621172,0.0244,123,0,44.0459,-72.7107,Port of Boston,seaport,144.13,Port of Boston,144.13,61.68,222,24365,All Commodities,1.3011
E330000US0499999999,"Remainder of Arizona, Arizona",109087,156109,0.0121502006776494,0.0411053654985087,0.0237,124,0,34.2744,-111.5838,Port of Long Beach,seaport,381.15,Port of Long Beach,381.15,63.63,201,17288,All Commodities,0.703
E330000US1921800000,"Des Moines-Ames-West Des Moines, IA CFS Area; Iowa",155828,123723,0.0180286038437193,0.0323138452734788,0.0237,125,1,42.0046,-93.214,Kansas City Intermodal Hub,rail_intermodal,213.1,Port of Beaumont,825.38,0.0,194,49950,All Commodities,1.2766
E330000US5344000000,"Portland-Vancouver-Salem, OR-WA CFS Area (part); Washington",169158,87452,0.0197050573685414,0.0224677009493245,0.0208,126,1,45.5231,-122.6765,Port of Portland,seaport,4.53,Port of Portland,4.53,0.0,196,30640,All Commodities,2.0448
E330000US1599946520,"Urban Honolulu, HI CFS Area; Hawaii",140904,103014,0.0161516801824705,0.0266921694771426,0.0204,127,1,21.3069,-157.8583,Port of Oakland,seaport,2402.38,Port of Oakland,2402.38,104.55,227,25712,All Commodities,1.3756
E330000US0299999999,"Remainder of Alaska, Alaska",135932,103308,0.0155263743366029,0.0267719788684277,0.02,128,0,64.2008,-153.4937,Port of Seattle,seaport,1634.36,Port of Seattle,1634.36,1634.1,220,25376,All Commodities,1.3188
E330000US4899929700,"Laredo, TX CFS Area; Texas",47600,73075,0.0044172601014499,0.018564913131278,0.0101,129,1,31.0545,-97.5635,Dallas Intermodal Hub,rail_intermodal,127.2,Port of Houston,163.97,0.0,127,11466,All Commodities,0.6515
E330000US0999999999,"Remainder of Connecticut, Connecticut",65480,42191,0.0066659464498235,0.0101811265991399,0.0081,130,0,41.6032,-73.0877,Port of New York/New Jersey,seaport,80.71,Port of New York/New Jersey,80.71,24.15,172,18435,All Commodities,1.5802
E330000US1599999999,"Remainder of Hawaii, Hawaii",36554,59701,0.003028054877505,0.0149344002093503,0.0078,131,0,20.7967,-156.3319,Port of Oakland,seaport,2344.86,Port of Oakland,2344.86,104.55,174,6429,All Commodities,0.6133
E330000US3399999999,"Remainder of New Hampshire, New Hampshire",52006,46632,0.0049713826993769,0.011386682744368,0.0075,132,0,43.6805,-71.5811,Port of Boston,seaport,95.77,Port of Boston,95.77,61.68,184,10211,All Commodities,1.1232
E330000US1099999999,"Remainder of Delaware, Delaware",52245,40191,0.0050014406432953,0.0096382055699897,0.0069,133,0,38.9896,-75.505,Port of Baltimore,seaport,60.54,Port of Baltimore,60.54,68.96,161,10756,All Commodities,1.3071
E330000US1154847900,"Washington-Arlington-Alexandria, DC-VA-MD-WV CFS Area (part); District of Columbia",12477,4686,0.0,0.0,0.0,134,1,34.0007,-81.0348,Port of Charleston,seaport,105.2,Port of Charleston,105.2,0.0,71,3872,All Commodities,2.6838
